,MN_EARN_WNE_P6
1334,31200.0
1777,38000.0
65,25200.0
177,40500.0
4721,32035.23115463448
2476,36300.0
2888,47100.0
26,27000.0
2459,36600.0
525,67800.0
4836,32035.23115463448
1253,27500.0
3690,23400.0
1145,22000.0
2045,34800.0
321,28400.0
1989,19600.0
664,33200.0
1907,29200.0
4887,32035.23115463448
2106,32700.0
3715,32035.23115463448
3721,46400.0
332,26200.0
3064,40300.0
2824,30800.0
1669,37100.0
1571,39900.0
598,28000.0
4516,18300.0
386,38400.0
2165,31900.0
1459,51700.0
1750,30800.0
4113,42000.0
3516,42700.0
1793,73600.0
228,73200.0
1028,32035.23115463448
4768,32035.23115463448
498,25900.0
1859,64900.0
902,37000.0
3818,32035.23115463448
701,36800.0
3159,28500.0
2444,14900.0
2680,44700.0
4734,20600.0
2932,29900.0
4187,32035.23115463448
1237,26000.0
4497,20600.0
1238,31800.0
4081,24000.0
5001,24100.0
3913,26100.0
2769,32700.0
4761,37600.0
2938,39300.0
1768,35700.0
2611,49600.0
4130,23700.0
138,25000.0
3846,22900.0
4021,27500.0
2018,31500.0
4009,23400.0
4219,27500.0
4623,18900.0
2930,26900.0
4437,32035.23115463448
3306,18700.0
580,39700.0
912,18500.0
3759,18600.0
367,21400.0
3315,19300.0
3931,32035.23115463448
1578,35000.0
3396,28500.0
3659,24900.0
3305,14800.0
4738,29400.0
2040,34800.0
3289,18400.0
3078,28400.0
3706,64500.0
110,23900.0
3747,27400.0
3694,19900.0
2073,23200.0
2569,32400.0
1089,28400.0
929,38300.0
1338,25000.0
4704,32035.23115463448
4698,32035.23115463448
936,32800.0
3525,17600.0
3841,26600.0
4976,34600.0
1250,50100.0
4532,32035.23115463448
2975,30300.0
2257,30900.0
3973,26500.0
4579,32035.23115463448
2196,35600.0
2695,16700.0
4421,32035.23115463448
2914,29400.0
4204,34300.0
705,25600.0
1197,29500.0
3411,31400.0
3059,36200.0
434,17000.0
3783,30900.0
3926,23100.0
383,58500.0
4319,32035.23115463448
2247,32900.0
5002,28800.0
1884,19500.0
3248,37500.0
1678,19300.0
432,37300.0
739,39000.0
4814,32035.23115463448
1796,42200.0
2916,32035.23115463448
4329,32035.23115463448
4848,32035.23115463448
1676,28500.0
3507,24100.0
3259,49600.0
3,40300.0
4515,21400.0
2927,30600.0
7,36200.0
2993,34100.0
1815,16500.0
1991,21600.0
403,25700.0
4647,32035.23115463448
50,34500.0
2290,46000.0
2101,27500.0
4430,32035.23115463448
558,32500.0
726,22800.0
4109,32035.23115463448
3231,28300.0
1151,28900.0
4095,30900.0
1727,44900.0
545,43700.0
3035,39400.0
2513,18500.0
1614,29700.0
1071,45700.0
3940,27300.0
716,22800.0
4544,32035.23115463448
4927,32035.23115463448
1396,47500.0
1231,46700.0
3611,20200.0
1745,30700.0
318,23900.0
3888,52100.0
1672,29300.0
3429,17100.0
2565,38200.0
4911,32035.23115463448
1587,25300.0
427,27700.0
4324,32035.23115463448
3467,40500.0
480,21600.0
4688,32035.23115463448
546,26000.0
1298,38300.0
262,44000.0
1720,23000.0
2445,20000.0
3401,28700.0
666,23500.0
171,48300.0
1176,46400.0
3192,30100.0
1077,37900.0
4940,32035.23115463448
2698,34900.0
686,31100.0
4550,32035.23115463448
2093,49400.0
693,26700.0
3848,28200.0
4360,32035.23115463448
4307,32035.23115463448
2273,33500.0
3323,32035.23115463448
2641,45400.0
3465,26000.0
4485,32035.23115463448
3886,28700.0
3361,31000.0
3730,33400.0
781,32200.0
4112,21300.0
4709,35700.0
541,38400.0
711,36500.0
4555,32035.23115463448
3577,30700.0
4524,22600.0
630,22600.0
254,26800.0
3969,30400.0
3930,25800.0
882,38500.0
4100,26200.0
2105,30100.0
1240,30000.0
3579,27900.0
4943,32035.23115463448
1896,36800.0
1171,37200.0
4666,32035.23115463448
4979,31800.0
2374,36900.0
2070,31800.0
4607,25400.0
588,21100.0
790,29500.0
2891,29900.0
1144,32035.23115463448
1329,82200.0
2387,29200.0
4862,32035.23115463448
3521,32600.0
4229,18500.0
75,29100.0
2065,48500.0
4736,25000.0
3532,19200.0
3300,18700.0
4236,29100.0
554,26400.0
1977,30000.0
1466,36900.0
4788,32035.23115463448
1735,33000.0
1101,32035.23115463448
2804,21100.0
2098,25100.0
4653,32035.23115463448
1914,19800.0
945,21300.0
2523,37600.0
4893,32035.23115463448
842,31900.0
1771,21600.0
2369,45400.0
4098,20700.0
3408,22500.0
3883,49800.0
3455,38600.0
968,22300.0
2418,18200.0
3006,33700.0
1281,38100.0
225,31900.0
3819,23900.0
755,31700.0
4383,38400.0
4177,28700.0
2305,39000.0
3670,14100.0
4686,32035.23115463448
845,18800.0
572,46900.0
3836,29800.0
4248,25500.0
2088,26300.0
1131,25000.0
4505,28700.0
1624,27000.0
4190,32035.23115463448
154,32035.23115463448
476,29500.0
4842,32035.23115463448
4080,24000.0
81,27400.0
1039,28700.0
1690,69600.0
4038,20500.0
2743,38800.0
1651,33100.0
551,27500.0
4833,32035.23115463448
4963,31200.0
1087,38900.0
2090,24100.0
382,42100.0
1099,26700.0
3213,54700.0
2236,32600.0
482,45200.0
4252,32035.23115463448
3963,32035.23115463448
4061,24700.0
2188,33900.0
3470,23500.0
918,35900.0
984,28100.0
4349,26400.0
473,54100.0
2640,48400.0
1120,25700.0
4169,17200.0
4966,31200.0
89,28700.0
850,34900.0
3490,25000.0
4716,32035.23115463448
2320,32035.23115463448
297,26100.0
3317,19300.0
527,28300.0
4381,18300.0
442,42700.0
72,27000.0
2950,30400.0
1684,36300.0
2321,41500.0
1138,38000.0
3133,32500.0
3185,27900.0
1881,31300.0
2330,33900.0
1006,43600.0
4796,27500.0
4279,22500.0
1475,31900.0
83,19000.0
2778,25500.0
4510,24000.0
1836,34500.0
3226,32600.0
3835,27000.0
2544,31300.0
2536,28900.0
2478,41900.0
47,24200.0
2303,25800.0
4364,32035.23115463448
2717,26000.0
397,25900.0
1507,36300.0
2279,32500.0
3067,23600.0
4137,21000.0
3946,20000.0
2987,34600.0
4435,32035.23115463448
986,32035.23115463448
3223,22300.0
3203,34000.0
484,35600.0
4664,32035.23115463448
237,37600.0
4717,32035.23115463448
4892,32035.23115463448
471,27300.0
2836,36700.0
1104,32700.0
2539,34200.0
802,33200.0
3096,33300.0
4793,24600.0
3767,32035.23115463448
4136,43100.0
4739,32035.23115463448
2972,38600.0
1941,27400.0
104,32035.23115463448
1737,44500.0
3190,18300.0
2343,16800.0
3853,36500.0
2179,23500.0
4067,33200.0
2406,34300.0
3275,22000.0
34,28000.0
197,40000.0
4073,23400.0
4174,37300.0
2541,45200.0
4352,32035.23115463448
817,43300.0
564,38800.0
2256,38000.0
4126,25600.0
2399,33600.0
74,19600.0
855,27900.0
309,53000.0
4782,32035.23115463448
282,24500.0
3443,22500.0
2618,32035.23115463448
4194,25400.0
547,38600.0
2973,44800.0
2673,21300.0
2961,71000.0
3541,18400.0
2794,18900.0
1158,65600.0
1680,50900.0
720,56100.0
291,15100.0
3581,25600.0
540,39500.0
2300,25500.0
2389,36300.0
1036,36600.0
1882,21600.0
2378,29100.0
1047,36800.0
2621,36300.0
3903,29100.0
267,39700.0
872,28200.0
4235,29100.0
689,28000.0
4794,24600.0
60,20500.0
3437,19600.0
4983,28300.0
1189,32035.23115463448
1488,36300.0
3331,32035.23115463448
2911,50100.0
2998,27200.0
4382,18300.0
3214,37200.0
4,24400.0
395,32800.0
2019,33300.0
3282,17900.0
535,48400.0
3834,32035.23115463448
4484,32035.23115463448
3446,26600.0
4818,30800.0
602,24300.0
2869,29400.0
581,47700.0
1437,25300.0
4861,32035.23115463448
195,38500.0
1263,40000.0
172,27000.0
2807,25000.0
3919,19600.0
2498,45300.0
4380,32035.23115463448
1409,37700.0
2242,30300.0
2846,58900.0
924,32600.0
702,38100.0
1013,17500.0
3530,16900.0
3505,29300.0
1173,32035.23115463448
1562,26000.0
4448,21600.0
1447,22600.0
1641,27200.0
2687,26900.0
1300,26600.0
642,36500.0
2822,33900.0
1430,54000.0
3651,23400.0
2414,28500.0
2685,27900.0
2742,16900.0
2104,25200.0
3041,14100.0
2233,29100.0
1239,29700.0
437,35700.0
415,61400.0
3540,42700.0
3943,42800.0
3312,19300.0
982,39800.0
1164,20500.0
1779,26400.0
2147,28900.0
4546,32035.23115463448
2015,48100.0
1918,27400.0
3876,18200.0
586,28300.0
595,31200.0
1811,29700.0
812,25800.0
1949,26600.0
1070,37900.0
4711,32035.23115463448
1167,38800.0
1221,34300.0
1930,46500.0
3704,23000.0
3366,20300.0
2583,21200.0
220,23400.0
4106,22400.0
1065,36000.0
462,34200.0
1692,39900.0
3573,22700.0
2054,78600.0
2013,43400.0
2805,27500.0
1309,32400.0
3958,28900.0
774,21500.0
1335,47000.0
305,25600.0
1504,40900.0
911,31100.0
439,48700.0
713,30100.0
4586,27200.0
2117,33700.0
2139,33100.0
1501,31500.0
4456,38400.0
1024,17000.0
2223,69900.0
1082,41200.0
3456,30700.0
734,27800.0
1674,48800.0
3239,27500.0
3713,21200.0
4689,32500.0
2385,33500.0
1610,32035.23115463448
1643,31800.0
1219,25400.0
1604,40900.0
357,54100.0
2304,28800.0
530,40200.0
3578,24800.0
4820,32035.23115463448
1093,43100.0
1765,47800.0
3735,44500.0
985,32400.0
2675,38000.0
2118,20700.0
2120,22700.0
3468,17200.0
4233,20300.0
2213,39100.0
3087,51900.0
4217,25200.0
1288,52800.0
2319,26100.0
137,32035.23115463448
973,31100.0
1648,38200.0
2366,32200.0
615,37500.0
3432,40500.0
4422,32035.23115463448
1858,33700.0
4266,23800.0
3052,43900.0
4387,46000.0
4875,32035.23115463448
4828,32035.23115463448
3371,29100.0
2115,32500.0
2197,21700.0
1366,48600.0
414,45300.0
3861,32035.23115463448
2833,30100.0
2185,42300.0
3350,26300.0
1040,28800.0
3084,24800.0
4335,27400.0
508,40500.0
3569,20200.0
3343,47900.0
1781,30700.0
4034,27800.0
4451,21600.0
2823,41600.0
3334,23000.0
543,31000.0
4922,32035.23115463448
4503,21800.0
223,27900.0
3705,29200.0
2985,31200.0
1402,32035.23115463448
3358,38800.0
2748,31800.0
180,38300.0
3403,50400.0
3786,19600.0
1322,33400.0
2442,19600.0
2905,30900.0
539,81100.0
289,32200.0
975,54300.0
2726,26600.0
3626,32035.23115463448
4220,27500.0
41,45200.0
4272,23600.0
3168,28500.0
2943,38900.0
3392,32700.0
3121,30800.0
2142,45000.0
4713,32035.23115463448
876,39000.0
1391,37100.0
506,31900.0
3464,23400.0
1014,43800.0
387,29100.0
2390,48600.0
307,27700.0
1336,69200.0
1863,18300.0
3073,37000.0
3976,38100.0
1255,34000.0
3454,37000.0
340,24600.0
1801,30400.0
4912,32035.23115463448
3335,26200.0
4393,28800.0
2839,36100.0
3858,16700.0
747,38300.0
3847,26600.0
3509,16300.0
2053,16100.0
1503,22000.0
4154,25600.0
2679,24000.0
1780,28600.0
3809,19300.0
765,28800.0
925,28900.0
856,44200.0
4873,32035.23115463448
1270,26300.0
4316,32035.23115463448
4599,32035.23115463448
1114,20400.0
4726,32500.0
2249,28500.0
751,35600.0
4859,32035.23115463448
3984,18600.0
151,22100.0
1032,48500.0
3125,33500.0
346,35100.0
2645,44800.0
1670,34500.0
706,30700.0
4654,32035.23115463448
3522,25500.0
3545,18200.0
1400,35300.0
1017,44500.0
2627,44500.0
1649,37100.0
3051,27700.0
1502,30100.0
87,29600.0
521,52000.0
4531,32035.23115463448
1556,41300.0
2358,27100.0
2945,24700.0
3274,17500.0
2295,34500.0
1201,36600.0
2135,31700.0
3830,19400.0
3218,38900.0
4648,32035.23115463448
3484,20800.0
3309,19300.0
1142,28800.0
2733,34900.0
10,36700.0
2388,34600.0
4048,20200.0
4346,32035.23115463448
3144,33200.0
3194,39300.0
3318,21800.0
1845,23600.0
2099,47100.0
569,24500.0
2887,43800.0
4705,25800.0
1408,27300.0
4528,69800.0
3900,27200.0
4157,29500.0
3679,32300.0
3807,14900.0
1332,75200.0
1647,63400.0
2336,32035.23115463448
3924,18500.0
688,35100.0
822,41600.0
2909,29600.0
3234,33400.0
2408,39400.0
1677,35700.0
1149,32900.0
4490,32035.23115463448
3466,30100.0
2908,38600.0
2114,28500.0
3766,32500.0
2912,37000.0
3607,26000.0
3434,35500.0
3631,28700.0
4241,19100.0
917,36000.0
2617,51100.0
4556,32035.23115463448
3152,41000.0
559,36000.0
4890,32035.23115463448
707,24800.0
2722,22700.0
583,34200.0
1208,27600.0
2363,34500.0
422,30200.0
2747,37100.0
875,39700.0
4492,30100.0
2723,20200.0
4613,22200.0
1566,26400.0
3514,33000.0
227,46900.0
826,30100.0
4580,32035.23115463448
4707,32035.23115463448
4304,32035.23115463448
1636,104500.0
3150,40200.0
3172,37200.0
2424,42200.0
1190,48400.0
4840,32035.23115463448
3840,23400.0
1569,25300.0
2963,39500.0
2134,25100.0
3362,24900.0
1808,42600.0
825,28300.0
499,40300.0
4314,16200.0
3376,20000.0
816,52300.0
1316,91300.0
4017,33000.0
509,29500.0
146,21000.0
4189,28600.0
4685,32035.23115463448
4115,32035.23115463448
1536,33500.0
4804,34200.0
1196,47200.0
2402,15600.0
470,29000.0
3391,22400.0
3891,18000.0
1789,18600.0
4616,32035.23115463448
204,52000.0
2005,36400.0
4650,32035.23115463448
3892,25800.0
1754,32035.23115463448
1215,29900.0
2838,28400.0
4434,32035.23115463448
4852,32035.23115463448
1451,43100.0
2215,35500.0
2517,49200.0
1903,36700.0
979,28800.0
549,29900.0
4786,32035.23115463448
3728,24700.0
2266,40500.0
3123,50200.0
1425,40700.0
3997,20800.0
576,23700.0
1452,29900.0
3202,39300.0
445,29900.0
2883,39400.0
4374,26900.0
627,36000.0
347,25800.0
341,27400.0
3927,16400.0
4832,32035.23115463448
777,15600.0
2815,26100.0
4758,37600.0
303,30600.0
926,33100.0
3127,25700.0
675,26100.0
4180,18500.0
2308,30700.0
584,23500.0
2012,51300.0
3119,30300.0
4606,17200.0
4076,34200.0
241,26800.0
1862,19000.0
1479,39200.0
4883,32035.23115463448
3023,47900.0
3751,32035.23115463448
4462,16800.0
170,19600.0
2394,33500.0
896,35400.0
2416,30200.0
1376,32035.23115463448
3301,18200.0
2850,23400.0
2982,30700.0
3256,30100.0
477,28400.0
3625,21400.0
337,22700.0
1895,33900.0
320,40200.0
2129,23400.0
4143,32035.23115463448
635,27700.0
620,29800.0
2634,37100.0
4637,32035.23115463448
1658,34300.0
2102,25200.0
2567,35600.0
3749,28200.0
3263,34500.0
4824,19500.0
2889,30700.0
4822,32035.23115463448
4876,32035.23115463448
2947,68100.0
681,29800.0
2312,41500.0
1709,29000.0
2298,39300.0
3703,41300.0
1261,25200.0
3473,32600.0
3048,23300.0
1950,54000.0
4397,23300.0
3286,20100.0
3938,32035.23115463448
735,33900.0
536,32800.0
2677,36400.0
3752,31600.0
1349,29100.0
866,39300.0
1127,27600.0
4880,32035.23115463448
122,22300.0
4856,32035.23115463448
4621,40700.0
1767,31300.0
3031,17200.0
4781,21400.0
1607,44100.0
2095,24900.0
3026,32035.23115463448
2711,24900.0
2421,23000.0
1797,48200.0
2775,31500.0
1506,21400.0
4168,27000.0
2773,26000.0
3483,29600.0
1193,46000.0
1220,28300.0
1194,22500.0
2364,34500.0
78,36000.0
1698,39900.0
2918,34000.0
3686,40400.0
2190,35700.0
370,28200.0
485,40800.0
4020,32035.23115463448
520,27000.0
571,53500.0
2281,31700.0
1943,42300.0
947,15600.0
3590,29200.0
4593,20200.0
1489,28800.0
2703,27800.0
2964,53600.0
1096,28100.0
2124,26700.0
2625,32035.23115463448
3781,26300.0
510,26900.0
3871,27100.0
3601,23600.0
1359,40700.0
1107,14300.0
533,40800.0
2426,27400.0
2597,13900.0
2168,25300.0
4142,32800.0
4499,16700.0
3093,26900.0
4797,32035.23115463448
3283,22200.0
1730,31000.0
4762,37300.0
1002,22900.0
4588,69800.0
3765,22100.0
4624,32035.23115463448
3758,15500.0
883,28000.0
1688,39400.0
1347,30400.0
4051,30100.0
1708,32900.0
2800,30000.0
3444,28100.0
670,27100.0
1266,41900.0
3085,27300.0
1551,27800.0
2325,35900.0
4498,38400.0
4757,37600.0
4024,21200.0
4540,32035.23115463448
2750,16800.0
3113,38400.0
1365,56600.0
2225,29000.0
4245,21800.0
3480,21500.0
363,17200.0
4486,32035.23115463448
2359,27300.0
2333,16100.0
4228,29900.0
614,28100.0
1760,36200.0
91,28500.0
1644,34300.0
4846,32035.23115463448
1964,28400.0
4521,19400.0
3975,45300.0
3485,24400.0
2764,37200.0
3108,23800.0
1661,29300.0
2401,30700.0
4479,32035.23115463448
3716,24700.0
2946,23900.0
258,37300.0
1496,36600.0
1602,37900.0
4239,57000.0
3206,17100.0
4065,17200.0
2323,35900.0
4160,37200.0
970,39700.0
4178,24300.0
1305,38700.0
3297,19100.0
2284,20200.0
2500,54400.0
1782,42600.0
1363,43700.0
1468,34800.0
1945,42200.0
4568,32035.23115463448
2665,45900.0
270,72900.0
4946,34300.0
4552,32035.23115463448
1696,33100.0
4816,28200.0
3901,21400.0
1911,44200.0
3313,19300.0
1819,29200.0
406,25700.0
1805,34300.0
4600,37500.0
4614,19600.0
4973,35100.0
4454,38400.0
4651,32035.23115463448
3269,33600.0
1544,32400.0
463,36100.0
1223,19200.0
4351,32035.23115463448
3949,22000.0
1091,26800.0
691,32500.0
1241,37500.0
103,21000.0
3710,25100.0
1631,44100.0
3791,24900.0
683,26800.0
3948,18900.0
3264,35800.0
4090,18100.0
3021,29100.0
3782,40100.0
4216,32035.23115463448
2080,38700.0
199,37400.0
2796,35100.0
4418,32035.23115463448
2121,30400.0
3678,41200.0
1813,19300.0
2350,36600.0
39,25300.0
68,25600.0
2410,35100.0
2182,33400.0
2910,36200.0
679,29800.0
4147,19700.0
4062,20600.0
3904,23600.0
2528,24800.0
365,48700.0
733,33200.0
3183,30100.0
2341,28600.0
2071,23900.0
954,36200.0
287,32800.0
4924,32035.23115463448
2549,29300.0
2167,24500.0
3176,32600.0
2425,14100.0
1581,36300.0
2028,45200.0
2062,32200.0
3143,23100.0
2609,36700.0
3196,29500.0
2556,44100.0
2311,59600.0
4671,32035.23115463448
2652,40100.0
2066,22100.0
4088,32035.23115463448
793,27400.0
2858,34100.0
4258,32035.23115463448
1732,34400.0
3384,32035.23115463448
1097,30800.0
1597,32035.23115463448
1293,31900.0
3935,15600.0
4564,32035.23115463448
3512,27900.0
2784,44100.0
2056,39400.0
2130,25700.0
4884,32035.23115463448
828,27700.0
4690,23600.0
4772,32035.23115463448
3922,33200.0
4882,32035.23115463448
3804,23100.0
1595,18900.0
3076,23700.0
4278,22600.0
764,27700.0
4104,15900.0
2591,28600.0
2525,44100.0
1592,31600.0
3338,20000.0
1421,29100.0
654,35500.0
2692,41400.0
283,33600.0
2952,36700.0
4969,35100.0
2259,33600.0
2026,44000.0
4896,32035.23115463448
3277,17100.0
4640,30600.0
1445,27000.0
981,41400.0
4994,29500.0
1153,27600.0
2754,37100.0
674,24700.0
468,35300.0
3584,23600.0
2896,32700.0
429,29100.0
4725,18500.0
1555,21900.0
1129,26200.0
1210,27600.0
916,40700.0
166,27900.0
3104,56800.0
4669,32035.23115463448
4968,16800.0
2966,52200.0
2494,33200.0
1000,38200.0
1178,25000.0
56,37500.0
208,38400.0
2111,24000.0
3273,44200.0
1307,45100.0
1440,45700.0
425,46100.0
697,53900.0
3624,28400.0
1265,31600.0
2860,25600.0
3225,32400.0
1593,23800.0
2301,34400.0
492,31900.0
961,32035.23115463448
1860,18200.0
3500,18600.0
4457,30400.0
978,28900.0
3163,33400.0
819,34300.0
1826,32600.0
3296,19000.0
4695,26600.0
1467,36000.0
4231,16800.0
621,28000.0
3345,19100.0
4379,23300.0
1778,30900.0
3821,18700.0
336,39200.0
3027,41400.0
1083,31800.0
2607,40400.0
390,23900.0
737,31800.0
113,31600.0
1068,41900.0
937,32400.0
2299,36100.0
1873,32035.23115463448
4656,32035.23115463448
1015,24800.0
257,30400.0
3057,30000.0
1339,36800.0
1152,32035.23115463448
2264,19900.0
992,32700.0
3479,37300.0
2558,36400.0
1009,39600.0
3695,23700.0
2831,40900.0
526,21400.0
4590,29100.0
132,45300.0
2462,32035.23115463448
35,25600.0
441,43900.0
64,32035.23115463448
2029,36200.0
1668,33900.0
4384,19400.0
1282,67000.0
2175,21400.0
638,28800.0
2937,42400.0
1224,24900.0
3191,18400.0
4652,32035.23115463448
1218,27800.0
1598,56600.0
2725,43100.0
3794,47200.0
3748,34000.0
767,39200.0
2572,33700.0
4198,26200.0
1294,36400.0
3134,33100.0
3165,42400.0
1108,23300.0
1659,30100.0
1744,26600.0
1278,32035.23115463448
4295,18300.0
4247,25700.0
129,35100.0
2700,27600.0
2255,47300.0
3915,33400.0
3138,35600.0
4213,22800.0
3287,30200.0
452,32600.0
1234,28100.0
4507,32035.23115463448
1719,21800.0
4773,42200.0
2981,76700.0
459,33300.0
3994,30300.0
680,41300.0
2009,46000.0
2466,29100.0
1747,26800.0
2951,41500.0
1954,39300.0
361,51200.0
1804,39600.0
3635,30900.0
3039,25800.0
202,45300.0
934,44200.0
3459,14900.0
4784,32035.23115463448
4016,60900.0
124,16300.0
4514,32035.23115463448
4746,37600.0
1965,55400.0
2515,18500.0
4117,29000.0
446,31400.0
3993,20000.0
4029,24800.0
3925,32035.23115463448
3983,48400.0
4474,32035.23115463448
1757,33900.0
1588,32800.0
935,33500.0
1450,31000.0
4165,33600.0
3253,37200.0
1353,29500.0
4134,34500.0
1188,37200.0
217,23400.0
1415,28100.0
4238,26600.0
2863,35300.0
4375,26600.0
877,67000.0
3227,32400.0
2022,29800.0
66,21400.0
3488,32000.0
1481,34300.0
4471,32500.0
736,29300.0
1846,94500.0
272,29000.0
1490,36400.0
4337,32035.23115463448
3491,33600.0
4140,24600.0
4099,26300.0
1944,42300.0
660,31000.0
1446,21800.0
2801,30900.0
3823,32035.23115463448
288,45800.0
1776,32035.23115463448
1357,37400.0
3698,25300.0
3106,19200.0
3406,26800.0
3897,18900.0
3005,25600.0
226,28200.0
760,35000.0
514,25200.0
3867,19600.0
1605,29200.0
4877,32035.23115463448
4881,32035.23115463448
3431,18400.0
4031,21400.0
800,32300.0
768,25400.0
193,38300.0
3495,32300.0
742,30700.0
2907,34400.0
1454,28700.0
612,24500.0
3265,26800.0
1870,70700.0
3649,19900.0
401,35400.0
4508,29900.0
849,51000.0
3788,23900.0
1728,35100.0
374,97200.0
537,25400.0
3942,24700.0
3025,42400.0
1007,34000.0
4926,32035.23115463448
4817,19200.0
3379,35400.0
578,20100.0
692,26200.0
1611,25700.0
2734,40300.0
4894,32035.23115463448
4167,23000.0
655,22800.0
444,35900.0
1829,29700.0
3071,25100.0
1228,29600.0
3451,32035.23115463448
3508,23300.0
3232,28200.0
590,25600.0
2906,38700.0
1575,30900.0
478,21000.0
4330,16100.0
4413,32035.23115463448
2656,33400.0
2396,40700.0
3869,18500.0
4775,32035.23115463448
2660,35900.0
1871,27900.0
3373,15400.0
2620,35800.0
465,19600.0
743,36500.0
2751,28600.0
4084,33400.0
182,40000.0
242,29200.0
2716,36400.0
1394,28200.0
1053,17700.0
3829,33700.0
653,29100.0
148,32035.23115463448
708,31600.0
3423,16300.0
23,21500.0
1285,16900.0
1957,35400.0
2260,36300.0
1532,18600.0
1436,27100.0
919,32500.0
1199,32200.0
2216,33500.0
4539,32035.23115463448
469,28300.0
4823,32035.23115463448
3349,29600.0
106,31400.0
1484,33100.0
4111,28200.0
350,32035.23115463448
1509,34800.0
1260,33900.0
48,24400.0
238,24800.0
712,27500.0
1443,31000.0
4655,32035.23115463448
4939,32035.23115463448
3419,19500.0
3811,41600.0
3762,37200.0
2663,42600.0
2718,26800.0
2613,40800.0
4164,18200.0
2511,20500.0
900,31800.0
4710,25200.0
3954,22400.0
1931,42800.0
4699,24600.0
4037,20500.0
2771,25700.0
3435,30000.0
4805,34200.0
4355,32035.23115463448
4766,32035.23115463448
2254,22700.0
2125,34300.0
30,25500.0
2306,37000.0
1226,34200.0
4001,32035.23115463448
2329,43500.0
173,26000.0
2676,20400.0
3157,36400.0
4604,25000.0
859,39300.0
1972,32035.23115463448
1917,43200.0
3307,18700.0
3017,28500.0
4094,28200.0
2491,33800.0
4888,32035.23115463448
807,32035.23115463448
1469,41500.0
2006,47300.0
4052,18800.0
3179,17000.0
493,36800.0
1623,34000.0
2651,29400.0
4410,32035.23115463448
1001,38400.0
2317,17300.0
4078,22900.0
1951,23700.0
3928,22400.0
3330,32035.23115463448
972,34500.0
1308,20400.0
3856,26600.0
2489,34000.0
3180,39100.0
3669,17300.0
3493,43700.0
4339,18400.0
2811,31600.0
3727,50500.0
3210,22100.0
4589,19500.0
4513,32035.23115463448
2642,43800.0
1663,30400.0
1701,29400.0
16,24300.0
3242,19400.0
1058,32200.0
640,39400.0
2659,51800.0
3010,27200.0
2169,25700.0
2813,22800.0
4179,24300.0
4708,32035.23115463448
1186,26800.0
2662,42500.0
4163,23100.0
4406,32035.23115463448
1716,21400.0
2960,67500.0
2469,43000.0
1966,29100.0
1920,53600.0
4466,32035.23115463448
3882,49800.0
2965,43700.0
585,42400.0
3124,37700.0
36,32100.0
1072,30900.0
76,51400.0
2238,32900.0
3244,41300.0
4615,19600.0
997,23500.0
3382,36200.0
2368,50500.0
3612,21900.0
3271,19100.0
2049,38500.0
1407,37500.0
1905,32900.0
639,26600.0
375,26900.0
3619,32035.23115463448
2170,23900.0
4040,31800.0
1327,42600.0
2786,21500.0
2793,26100.0
4267,24400.0
4843,32035.23115463448
1384,38900.0
189,39300.0
1515,32800.0
4807,18500.0
4638,69800.0
3591,32035.23115463448
2059,48300.0
353,61000.0
4047,17600.0
3081,36800.0
3399,17000.0
2248,41600.0
3817,20600.0
1383,27100.0
1628,28500.0
3773,18600.0
3111,25200.0
2495,45500.0
4107,15200.0
2326,35900.0
3258,33200.0
4096,19000.0
2929,27300.0
1470,32200.0
1839,23100.0
3852,30100.0
240,26900.0
1517,33200.0
2163,25100.0
676,28400.0
4030,18900.0
4683,32035.23115463448
4423,32035.23115463448
4519,38700.0
1382,27600.0
1205,25400.0
2454,27100.0
2919,39300.0
3405,16400.0
1027,40700.0
1019,40000.0
1816,29700.0
3105,44300.0
4049,17200.0
3558,27700.0
4404,32035.23115463448
2830,34400.0
3249,31200.0
2392,42600.0
3055,27100.0
1483,34600.0
3623,26600.0
2373,19700.0
4195,37200.0
3316,19300.0
2367,29400.0
3801,20800.0
2623,28100.0
1292,54400.0
852,29900.0
2814,24900.0
3195,29200.0
1617,44400.0
2826,31200.0
2614,36500.0
4644,22600.0
4575,32035.23115463448
2867,34800.0
4562,32035.23115463448
3219,40400.0
4956,31200.0
140,34600.0
1589,36200.0
3547,32400.0
3839,20200.0
2437,52900.0
4934,32035.23115463448
820,27100.0
4261,32035.23115463448
2745,36100.0
4477,32035.23115463448
4835,32035.23115463448
2532,20400.0
1136,22700.0
1817,25700.0
229,40800.0
999,20300.0
2715,25000.0
4211,18300.0
4553,32035.23115463448
2580,40500.0
4597,32035.23115463448
24,31800.0
1118,43500.0
2149,23900.0
628,24600.0
1471,32400.0
261,28100.0
1388,16900.0
3040,39300.0
2553,31900.0
2422,36000.0
1695,41400.0
8,32100.0
1606,44000.0
1066,36100.0
1902,29000.0
2411,50400.0
4903,32035.23115463448
1713,19800.0
3061,35500.0
400,13300.0
4444,27100.0
1994,39100.0
1539,26900.0
3472,22600.0
3638,21700.0
4424,32035.23115463448
38,25800.0
2292,40800.0
4936,32035.23115463448
864,31500.0
4813,16900.0
4260,64800.0
3582,20300.0
1434,29800.0
2440,23500.0
2433,30900.0
2375,28800.0
4242,32035.23115463448
4369,16800.0
207,42800.0
3101,50400.0
2568,45100.0
1069,30600.0
3369,26200.0
2096,37300.0
4070,23400.0
669,24800.0
851,34500.0
3899,29100.0
1654,48100.0
698,66100.0
4251,36200.0
293,25300.0
4760,37600.0
894,24300.0
2724,31300.0
1325,45700.0
2297,36600.0
983,36700.0
1112,26500.0
631,39200.0
1967,28100.0
3610,28600.0
212,76700.0
4583,32035.23115463448
1609,22600.0
4891,32035.23115463448
3004,23900.0
1287,64900.0
2990,32600.0
3355,38800.0
2376,33200.0
198,37200.0
4680,26700.0
3970,40100.0
3866,30800.0
3700,27800.0
2666,20000.0
4920,32035.23115463448
1442,39700.0
4428,32035.23115463448
2271,33500.0
4895,32035.23115463448
523,46400.0
4810,27800.0
4298,33900.0
1934,23400.0
4060,32035.23115463448
4790,32035.23115463448
3677,27500.0
4201,19200.0
4246,21500.0
2631,67600.0
3908,33200.0
3171,36300.0
2876,33600.0
3414,31100.0
3458,23300.0
4989,64200.0
4175,18900.0
821,60400.0
1204,36000.0
4149,26200.0
3815,38400.0
2446,32035.23115463448
3000,32035.23115463448
1664,18400.0
2439,39800.0
2939,29800.0
4542,32035.23115463448
3513,25000.0
3999,29200.0
2085,26200.0
2509,20500.0
2307,35500.0
3650,23500.0
1645,24600.0
3950,27400.0
3881,24100.0
4425,32035.23115463448
750,26900.0
2420,32100.0
1161,30400.0
2596,44300.0
2885,31900.0
2570,29000.0
4627,25000.0
2074,21400.0
277,30200.0
158,26400.0
4206,27500.0
1146,49000.0
294,32035.23115463448
3833,34900.0
977,28700.0
259,37300.0
2206,30300.0
3200,28700.0
1761,30900.0
3018,33800.0
2639,64700.0
1168,36000.0
2314,41500.0
2893,27600.0
413,26400.0
3602,35500.0
3070,50800.0
4678,17700.0
1369,37500.0
3920,19600.0
904,34400.0
2530,33400.0
513,40000.0
67,42200.0
2585,29400.0
4192,24400.0
3953,43200.0
4023,22000.0
3383,32035.23115463448
1726,36100.0
2357,40900.0
4445,22100.0
3310,19300.0
1790,25000.0
4356,32035.23115463448
3770,16000.0
4864,32035.23115463448
4181,26000.0
4770,23100.0
2173,62900.0
1936,37500.0
2116,23300.0
4385,24700.0
1397,47000.0
1244,68000.0
4092,31900.0
149,25100.0
1172,38100.0
2348,28900.0
1192,20500.0
184,68500.0
887,25000.0
920,34600.0
1818,29200.0
1487,34700.0
2926,34200.0
4203,19900.0
3430,18400.0
1872,30700.0
4156,24000.0
4308,58000.0
667,22600.0
2899,27100.0
672,22500.0
1908,33600.0
2108,22500.0
1646,29100.0
2035,35600.0
1681,38300.0
2231,38400.0
264,38400.0
3299,13300.0
1323,31000.0
2504,29000.0
596,15100.0
92,37200.0
1411,28600.0
4679,23700.0
3030,40400.0
3979,28700.0
1691,40200.0
209,32035.23115463448
3857,16200.0
2696,18100.0
2250,29800.0
2395,30800.0
3785,32035.23115463448
1500,32700.0
3972,32035.23115463448
3878,19500.0
1084,37700.0
1267,43800.0
1109,18100.0
2749,32035.23115463448
2978,42800.0
3753,37000.0
634,30100.0
3498,23700.0
2882,31600.0
3510,20400.0
2315,41500.0
3322,32035.23115463448
2232,39600.0
2162,23300.0
3107,29000.0
809,22800.0
3170,31500.0
3028,18400.0
2875,18100.0
3254,37900.0
3332,23600.0
3029,42600.0
4878,32035.23115463448
4631,15200.0
3862,32035.23115463448
51,35700.0
2353,64200.0
4745,37600.0
2128,24000.0
4916,32035.23115463448
1037,30900.0
4706,26000.0
2774,26200.0
369,30000.0
3154,30200.0
1969,46200.0
3268,30400.0
2713,24000.0
1482,18200.0
1362,50800.0
1514,23900.0
2152,23900.0
112,30900.0
4249,20000.0
168,48800.0
2322,35900.0
4419,32035.23115463448
1599,26300.0
575,29100.0
3552,23700.0
4363,32035.23115463448
4533,22600.0
2879,33500.0
2602,32035.23115463448
160,32800.0
1245,31600.0
1354,39300.0
1289,47000.0
3141,37500.0
139,30500.0
1157,53400.0
3450,23600.0
4341,18600.0
3326,32035.23115463448
4960,31200.0
1115,32035.23115463448
2483,28400.0
853,29600.0
3889,52100.0
4431,32035.23115463448
2435,37300.0
4567,32035.23115463448
4320,32035.23115463448
2258,35000.0
53,41500.0
2827,35400.0
1493,31800.0
2705,25600.0
2434,33300.0
4495,23100.0
2177,24800.0
2194,37900.0
4145,41800.0
4525,22000.0
619,40600.0
995,31100.0
3565,34200.0
4467,32035.23115463448
1601,27000.0
2841,26500.0
2557,29100.0
1212,24000.0
4234,24800.0
167,25100.0
3985,38800.0
2001,37700.0
3675,44100.0
3923,27900.0
4417,32035.23115463448
4742,36900.0
3849,48700.0
4897,32035.23115463448
4723,32035.23115463448
2765,37800.0
2828,40700.0
663,29100.0
515,53800.0
4571,32035.23115463448
2709,43900.0
356,27800.0
2866,34800.0
1431,41800.0
4795,27500.0
3341,92800.0
2710,43900.0
3978,26600.0
529,48100.0
3320,11800.0
4050,32035.23115463448
59,27200.0
948,69700.0
4691,22200.0
3642,26400.0
281,40000.0
1183,21100.0
3348,22200.0
1629,41100.0
2782,28200.0
4327,48200.0
4724,32035.23115463448
3597,16200.0
4839,32035.23115463448
3982,35100.0
451,34100.0
1326,44200.0
3229,54000.0
2732,19600.0
2901,29400.0
3902,32035.23115463448
1276,77000.0
1283,25700.0
4693,34300.0
1530,29300.0
3586,29400.0
805,32035.23115463448
4737,52300.0
1529,29900.0
2554,26900.0
4414,32035.23115463448
3810,28800.0
49,34300.0
1570,34000.0
2691,32100.0
1558,22500.0
3054,27600.0
1746,32400.0
801,42700.0
4392,32035.23115463448
1367,54200.0
1310,37700.0
4909,32035.23115463448
2897,37200.0
424,29200.0
4806,32035.23115463448
0,28400.0
3729,37800.0
3529,44300.0
3457,25200.0
4358,32035.23115463448
4938,32035.23115463448
976,35300.0
2034,36000.0
1269,36400.0
176,38700.0
4500,27500.0
3630,20100.0
512,32100.0
2584,32035.23115463448
1286,40200.0
2967,47800.0
1462,37900.0
2409,31500.0
1812,37300.0
3291,17700.0
1139,29100.0
3733,32600.0
1855,31000.0
3738,27000.0
2384,38300.0
766,41100.0
1348,45500.0
2482,15600.0
4071,22800.0
1054,36600.0
1317,32035.23115463448
179,29300.0
3609,25000.0
2578,27700.0
2455,27600.0
1262,21500.0
2356,26300.0
2344,28300.0
532,33600.0
4411,32035.23115463448
4851,32035.23115463448
4446,16900.0
4504,20000.0
380,28400.0
1866,23600.0
4520,15400.0
3346,15400.0
3037,47400.0
2681,27200.0
4244,20600.0
930,32900.0
2626,40200.0
2526,16700.0
4663,32035.23115463448
4953,32100.0
4998,27000.0
3692,26700.0
419,21300.0
625,32035.23115463448
2087,25800.0
3215,30600.0
1480,29300.0
4608,32035.23115463448
1059,24000.0
1970,32900.0
80,32900.0
4643,22400.0
73,18500.0
3668,24100.0
3173,29100.0
2604,28200.0
3140,32500.0
2880,40200.0
1252,29100.0
3813,32035.23115463448
3708,15100.0
3656,34900.0
3663,39600.0
1894,36900.0
2598,47200.0
2589,30600.0
1864,27600.0
1461,24100.0
507,35700.0
1181,23400.0
214,34000.0
488,44400.0
1124,34600.0
1257,42000.0
1541,29000.0
388,47200.0
2265,24000.0
3065,45000.0
3293,32035.23115463448
3806,73600.0
2211,33400.0
1290,37500.0
2510,20000.0
2450,34800.0
2995,30400.0
861,39400.0
4774,23500.0
2552,30900.0
455,30900.0
2331,37200.0
815,43700.0
3518,20300.0
1086,32900.0
2920,28500.0
2638,19700.0
1358,37400.0
1576,33400.0
2112,24800.0
3130,20500.0
4879,32035.23115463448
611,54500.0
1279,37000.0
604,41700.0
3896,24600.0
2777,29900.0
2222,36400.0
352,48600.0
3001,28600.0
3448,27300.0
323,19800.0
4844,32035.23115463448
4270,25600.0
1998,20900.0
3389,36100.0
3427,21400.0
1655,32035.23115463448
2198,26900.0
2082,26600.0
4595,19800.0
1405,28900.0
25,29400.0
1699,33700.0
1705,22800.0
2913,42400.0
2067,24600.0
622,26800.0
2992,32300.0
4171,15800.0
4133,32035.23115463448
782,72100.0
1831,29700.0
1274,32035.23115463448
2207,25700.0
3129,31600.0
163,21200.0
1753,41700.0
2047,27600.0
3966,23600.0
3224,39400.0
2870,26100.0
2246,48300.0
3280,17700.0
3360,30500.0
3688,32035.23115463448
3563,22400.0
1198,50200.0
408,29500.0
142,22600.0
22,34600.0
2252,42600.0
3260,38500.0
1770,30700.0
4523,32035.23115463448
1005,38000.0
641,44600.0
3787,27900.0
2654,64800.0
1343,30100.0
384,27000.0
888,27900.0
1557,33100.0
1085,36100.0
4518,18300.0
531,21500.0
3798,20100.0
1853,29700.0
1935,45900.0
3387,32400.0
3153,34200.0
2447,32500.0
1075,41600.0
4923,32035.23115463448
2688,17500.0
2931,34300.0
1932,33300.0
2767,20800.0
1671,23200.0
2438,42700.0
2983,38700.0
2109,23400.0
2186,23300.0
1148,28000.0
786,26300.0
1585,30400.0
3166,44700.0
266,27900.0
4870,32035.23115463448
3736,48000.0
360,43600.0
1460,28900.0
3421,20000.0
3680,32035.23115463448
952,17300.0
2160,29800.0
3879,18400.0
4910,32035.23115463448
3243,30700.0
3372,32035.23115463448
2699,87800.0
1574,41100.0
4226,23600.0
1955,48200.0
4443,22000.0
3337,17700.0
2176,23900.0
1313,36300.0
4317,32035.23115463448
1331,99600.0
1842,42300.0
2208,21300.0
2979,48900.0
3436,27200.0
4032,32035.23115463448
4158,21300.0
754,35500.0
3936,30700.0
1378,36500.0
4863,32035.23115463448
980,32000.0
2100,24400.0
286,24000.0
4129,17200.0
3533,17800.0
3088,45400.0
4494,32035.23115463448
3571,19400.0
4265,32035.23115463448
1154,33600.0
1079,41900.0
3008,29500.0
1511,34200.0
892,39600.0
135,22200.0
3261,41300.0
3894,46600.0
2191,38300.0
211,34200.0
433,25600.0
3164,30600.0
274,28000.0
3012,38700.0
88,28700.0
2798,27000.0
2324,35900.0
298,32035.23115463448
2545,21900.0
567,32300.0
3674,23100.0
4559,32035.23115463448
3776,23900.0
3754,32035.23115463448
315,34300.0
4468,32035.23115463448
2151,42200.0
3662,20000.0
3288,18400.0
3117,48500.0
522,30100.0
2020,29700.0
4338,32035.23115463448
2974,38800.0
1275,47100.0
3181,13400.0
2413,29200.0
2752,31400.0
528,30100.0
4829,32035.23115463448
308,30300.0
1505,34900.0
3598,20600.0
2496,32400.0
1374,34000.0
2619,18200.0
1134,21600.0
1203,27700.0
3681,20200.0
3220,41500.0
1318,55500.0
2647,36000.0
2332,29200.0
4367,32035.23115463448
833,29500.0
2989,41300.0
2110,38000.0
1682,37100.0
3034,28800.0
2287,39800.0
2380,13800.0
4700,22500.0
2004,36400.0
4365,18700.0
3998,32035.23115463448
2616,35900.0
1166,35400.0
629,40300.0
3987,23500.0
4549,32035.23115463448
4476,32035.23115463448
727,59900.0
354,23300.0
2140,28700.0
2871,28800.0
1861,26400.0
1222,16600.0
4854,32035.23115463448
4269,19600.0
2508,20500.0
3960,19600.0
159,30700.0
2787,23800.0
1982,40100.0
4273,30400.0
2103,35100.0
371,16300.0
3482,16800.0
2970,50300.0
2131,37200.0
3418,16900.0
3424,37300.0
1538,32900.0
3554,24800.0
4845,32035.23115463448
2475,33900.0
2337,17100.0
2744,18700.0
1553,26400.0
239,25700.0
1429,45200.0
1978,37000.0
3245,34600.0
2817,23900.0
3671,24000.0
2449,54900.0
4996,44700.0
3933,36900.0
2202,24400.0
618,25900.0
2381,30500.0
1090,29300.0
295,43600.0
430,38600.0
279,22600.0
3524,23400.0
2629,42200.0
949,30700.0
3351,34700.0
27,26300.0
116,46200.0
3014,47200.0
2766,26000.0
4007,19600.0
3895,32700.0
1656,40900.0
722,24300.0
4803,34200.0
4937,32035.23115463448
969,37300.0
3647,18500.0
4072,28700.0
2746,21400.0
3024,32200.0
3151,35300.0
1774,26200.0
3386,28600.0
4460,21600.0
4359,32035.23115463448
950,32035.23115463448
1211,16800.0
1428,19900.0
4629,26600.0
426,27500.0
4917,32035.23115463448
175,32035.23115463448
1923,39700.0
4808,32035.23115463448
593,27900.0
3395,23600.0
4727,22400.0
3593,32035.23115463448
4825,23600.0
404,26400.0
491,37600.0
4585,32035.23115463448
3494,21600.0
2081,26900.0
4253,32035.23115463448
824,25000.0
2542,28900.0
2847,46600.0
4984,33700.0
3673,28300.0
847,31300.0
2790,25400.0
4146,17400.0
3515,18700.0
4378,20000.0
2935,41200.0
4855,32035.23115463448
1711,29800.0
4633,32035.23115463448
1788,31100.0
4522,32035.23115463448
3126,29500.0
2291,40800.0
3988,32035.23115463448
1370,38300.0
2187,39600.0
3298,12600.0
2145,18300.0
3712,37100.0
409,41200.0
2060,29100.0
4243,32035.23115463448
4271,18500.0
2452,32100.0
3246,32600.0
3145,39900.0
3267,32900.0
3471,26900.0
4622,41200.0
3380,27100.0
1841,29400.0
951,20200.0
1304,39100.0
1209,41200.0
2391,33800.0
974,37900.0
474,30500.0
4046,19500.0
215,21500.0
656,31900.0
500,28000.0
3235,37500.0
3560,18200.0
2519,35600.0
1583,26100.0
2285,28200.0
1634,32035.23115463448
2036,35800.0
538,58600.0
4086,23100.0
1130,32100.0
3646,16900.0
3038,34800.0
3352,28900.0
2063,32035.23115463448
3056,46100.0
964,53000.0
2922,36000.0
496,28700.0
311,17700.0
131,32035.23115463448
251,33700.0
2014,66800.0
1314,29100.0
3566,23400.0
3095,38400.0
1341,34000.0
2184,48500.0
4299,32035.23115463448
647,21000.0
594,48800.0
908,36000.0
4548,32035.23115463448
2632,32400.0
810,18900.0
4408,32035.23115463448
247,31400.0
4283,43200.0
278,29500.0
2407,28400.0
29,29700.0
1119,29900.0
3363,26100.0
3066,44900.0
1731,33200.0
3474,24700.0
3311,19300.0
2398,38500.0
3477,20700.0
4197,19600.0
2286,36500.0
2792,31800.0
3169,37400.0
2075,25000.0
1877,70600.0
147,24000.0
659,19700.0
4296,41600.0
1974,28100.0
4207,32035.23115463448
570,22300.0
633,27400.0
46,24900.0
4645,23900.0
4483,32035.23115463448
649,22600.0
1886,76300.0
4309,41000.0
868,27500.0
4087,37900.0
890,16400.0
1320,36400.0
4350,32035.23115463448
3099,30000.0
4416,32035.23115463448
827,38000.0
3069,27900.0
1543,25700.0
3517,26500.0
867,28600.0
1662,30500.0
2023,41000.0
33,32700.0
1843,49400.0
3559,42000.0
1416,28300.0
4402,32035.23115463448
2503,36700.0
1057,26000.0
3567,23400.0
597,27600.0
3058,35800.0
4035,20800.0
860,40300.0
3689,21900.0
9,43100.0
2138,38600.0
1984,28100.0
2310,37400.0
2759,36600.0
2531,48500.0
848,39200.0
1243,19700.0
3045,18200.0
1180,28400.0
3460,32200.0
2371,30400.0
2,35400.0
4872,32035.23115463448
1755,26600.0
4011,19800.0
1048,29600.0
1418,17700.0
4732,21800.0
862,71900.0
3863,22200.0
4370,27400.0
2551,67300.0
4944,34300.0
2431,15700.0
3797,27500.0
310,32035.23115463448
1618,57200.0
1092,13900.0
1940,23200.0
3825,18600.0
1229,31200.0
4730,24600.0
1733,34700.0
4985,37300.0
3750,35100.0
3063,30800.0
2622,25000.0
1393,21000.0
2834,25500.0
2405,32035.23115463448
3009,34100.0
4122,20900.0
762,35600.0
3890,25000.0
4398,32035.23115463448
966,36000.0
3314,19300.0
3441,24400.0
682,27500.0
2546,28500.0
991,44000.0
914,20800.0
4155,32035.23115463448
4558,32035.23115463448
185,43700.0
922,33100.0
4376,26600.0
3556,19400.0
1619,38700.0
1830,29700.0
2484,36700.0
3148,39200.0
740,21600.0
4972,35100.0
971,38700.0
2564,34300.0
3962,22700.0
1116,25600.0
156,28800.0
2467,37700.0
3860,32035.23115463448
831,31200.0
835,28400.0
2825,20300.0
502,31000.0
989,32200.0
3937,23400.0
923,20500.0
2044,65700.0
1980,28800.0
249,21400.0
3911,31300.0
2683,18500.0
1346,57800.0
4576,32035.23115463448
4284,38400.0
3653,31400.0
355,27400.0
744,29400.0
844,42600.0
723,32700.0
1976,55900.0
2955,20300.0
2214,30000.0
3648,21100.0
3870,76600.0
3292,18500.0
4478,32035.23115463448
1258,19000.0
2988,32035.23115463448
85,24400.0
746,30600.0
1867,23600.0
1315,24900.0
3898,18300.0
962,30000.0
265,28900.0
2428,52100.0
4116,30700.0
3086,50600.0
3139,25800.0
2069,26700.0
4202,22900.0
1800,38200.0
2235,39600.0
3543,16000.0
3062,41100.0
2212,50700.0
4869,32035.23115463448
4715,32035.23115463448
1985,31600.0
1371,51400.0
2122,19100.0
3907,37000.0
4801,34200.0
2057,25400.0
4799,21800.0
3947,30800.0
2058,34800.0
3711,25600.0
2904,47300.0
3838,35100.0
4487,32035.23115463448
4952,32100.0
284,20300.0
95,34900.0
4777,32035.23115463448
2664,44100.0
3955,22300.0
3442,27900.0
4256,32035.23115463448
4913,32035.23115463448
2649,47500.0
2280,29800.0
2521,22400.0
3613,31600.0
1284,29000.0
4022,22800.0
2003,43400.0
2153,23700.0
3764,19600.0
2239,26000.0
3932,29500.0
4288,69800.0
4151,21000.0
43,25700.0
3956,20800.0
2802,28200.0
3089,37800.0
4572,32035.23115463448
4489,32035.23115463448
1809,50900.0
1003,27400.0
3859,27300.0
2393,32500.0
1076,41600.0
4371,22600.0
3855,28700.0
3412,21500.0
4274,23400.0
300,29600.0
2898,31600.0
2507,18500.0
942,33800.0
4450,22400.0
2370,25000.0
1259,47200.0
4348,32035.23115463448
2522,48000.0
3156,48100.0
4101,19200.0
841,27100.0
1868,37900.0
326,47900.0
2436,94100.0
3208,39300.0
4649,32035.23115463448
1464,35300.0
3131,49400.0
2061,29700.0
2571,42600.0
3103,37500.0
3333,19300.0
603,19500.0
865,17200.0
1890,37300.0
4042,27000.0
4598,19400.0
4538,32035.23115463448
3367,19000.0
1280,30600.0
830,28700.0
3149,26700.0
3799,22200.0
1904,30000.0
2050,60200.0
1302,32035.23115463448
328,35000.0
1704,31800.0
2493,46700.0
4949,57700.0
4025,24700.0
479,28100.0
3629,18000.0
1175,38700.0
4581,32035.23115463448
2957,38200.0
4010,20600.0
117,25600.0
2862,33000.0
879,47100.0
1029,29100.0
466,32100.0
4332,25400.0
3083,25300.0
1901,28800.0
1975,26500.0
776,32035.23115463448
1786,15000.0
4475,32035.23115463448
4950,27000.0
84,36900.0
1665,34500.0
3487,28700.0
2789,34300.0
2143,34800.0
2199,20200.0
511,29600.0
3209,41800.0
731,25900.0
2220,37600.0
2783,25300.0
2002,53500.0
4857,32035.23115463448
3666,20600.0
4563,32035.23115463448
1633,47000.0
2757,33900.0
2859,39100.0
1184,34600.0
3122,28000.0
3184,30500.0
2055,40600.0
4334,22600.0
4083,66400.0
127,35600.0
164,32035.23115463448
4744,31200.0
1510,29700.0
3199,32035.23115463448
1319,28200.0
2540,35900.0
472,34800.0
1997,32300.0
18,24900.0
3952,32035.23115463448
2956,34600.0
2042,42200.0
2137,49900.0
1025,41200.0
97,32600.0
4488,32035.23115463448
3114,28300.0
2835,38900.0
3161,27300.0
449,34800.0
550,30200.0
4372,31100.0
3744,32300.0
178,34800.0
3654,21300.0
1340,31600.0
4860,32035.23115463448
3548,50300.0
3520,32500.0
1591,26900.0
1516,29100.0
741,41800.0
1769,39800.0
4639,69800.0
483,31000.0
4696,20500.0
2810,23800.0
2021,44800.0
4947,34300.0
1910,46400.0
2485,35100.0
780,32035.23115463448
77,31300.0
1889,47400.0
4619,32500.0
673,30200.0
2203,30100.0
458,30500.0
2865,32600.0
752,31100.0
121,24200.0
3637,43200.0
699,32900.0
2924,22600.0
4432,32035.23115463448
1492,36900.0
4933,32035.23115463448
1948,20900.0
2086,22700.0
3365,29500.0
31,33600.0
2154,24900.0
2758,28400.0
69,41800.0
1449,35400.0
3175,26400.0
3627,30500.0
3877,32035.23115463448
3959,34300.0
4853,32035.23115463448
3221,33000.0
3146,29800.0
1531,34900.0
2432,19800.0
4361,32035.23115463448
3574,53400.0
3182,28900.0
1912,30700.0
504,28200.0
339,27500.0
3580,13700.0
4692,19600.0
798,22500.0
4697,24500.0
4811,19800.0
61,28800.0
1775,37200.0
2845,19900.0
4932,32035.23115463448
2460,33300.0
4237,32035.23115463448
1567,33500.0
4289,69800.0
2848,30100.0
1689,38600.0
4153,15900.0
2986,15200.0
2419,28700.0
4728,22400.0
1568,20400.0
3965,24400.0
2339,30600.0
2094,93200.0
2041,80400.0
4373,19300.0
2200,16100.0
2272,33500.0
381,32035.23115463448
3864,15800.0
2412,31200.0
3912,14900.0
1390,31100.0
4512,32035.23115463448
3914,37400.0
1952,39500.0
4162,32035.23115463448
2915,20600.0
2342,27200.0
4209,20900.0
245,33200.0
1439,27600.0
1022,21000.0
3233,58800.0
411,40700.0
2261,46100.0
1062,39500.0
4212,40300.0
4906,32035.23115463448
4343,21400.0
3561,22600.0
665,23500.0
4931,32035.23115463448
4661,32035.23115463448
4188,19500.0
4941,32035.23115463448
114,27300.0
3989,32035.23115463448
2302,16900.0
2477,38200.0
3250,40200.0
118,32600.0
1981,45500.0
2180,36000.0
162,27200.0
263,25100.0
4342,32035.23115463448
775,20100.0
4543,32035.23115463448
4473,32035.23115463448
651,24300.0
3723,28500.0
4517,18900.0
1170,35200.0
4962,31200.0
3011,37400.0
4951,32100.0
3874,32600.0
4945,34300.0
1368,46800.0
897,29500.0
928,38300.0
14,26600.0
2548,42100.0
967,20700.0
1106,32500.0
4594,19800.0
4336,27800.0
3968,32035.23115463448
1254,19600.0
2648,29100.0
2923,22200.0
4264,15000.0
4954,38400.0
1639,27000.0
1133,20900.0
4681,32035.23115463448
3519,26600.0
1878,54300.0
271,29400.0
1473,31100.0
1547,20300.0
4310,20200.0
4665,32035.23115463448
4440,25000.0
838,43800.0
2195,45200.0
1835,28900.0
412,34600.0
1712,35700.0
4438,71900.0
2795,25100.0
2221,29100.0
377,31000.0
1491,33000.0
738,31700.0
3377,29000.0
3615,32200.0
4610,32035.23115463448
52,26600.0
4114,14100.0
2269,33500.0
3094,32035.23115463448
1389,46700.0
3188,32700.0
3478,31600.0
3433,32900.0
4191,25200.0
2309,34900.0
3222,28000.0
2590,74900.0
1632,30100.0
4275,23400.0
3174,39700.0
2976,46800.0
4280,18700.0
467,30800.0
4778,25200.0
903,39600.0
4756,37600.0
71,17900.0
3217,40200.0
1898,28300.0
3995,26600.0
1207,82000.0
2077,24100.0
1590,32035.23115463448
2844,31700.0
2205,33900.0
2980,71100.0
658,33600.0
63,28800.0
1838,32600.0
4000,20700.0
3036,34900.0
454,30100.0
402,35100.0
1472,37000.0
677,25200.0
3356,38800.0
1616,42700.0
1251,30200.0
1983,38500.0
3425,20800.0
3843,54900.0
1033,29400.0
174,20400.0
939,32035.23115463448
3102,27400.0
2587,91200.0
334,27300.0
873,28500.0
2853,29000.0
1486,42800.0
4293,20300.0
296,71200.0
4858,32035.23115463448
4792,22600.0
3845,32035.23115463448
4218,19600.0
3760,32035.23115463448
378,41600.0
3110,58900.0
2770,19600.0
3918,22600.0
4138,18700.0
2210,25700.0
2172,23700.0
2599,35300.0
2052,51400.0
915,28000.0
4961,31200.0
4789,32035.23115463448
2335,36800.0
3820,31000.0
956,44500.0
1887,76300.0
4997,44700.0
3717,32035.23115463448
4027,38400.0
1182,39200.0
4991,28100.0
4602,23000.0
4452,38400.0
1423,16600.0
4980,36600.0
2400,33100.0
2892,41000.0
3596,33900.0
1722,19600.0
1667,38000.0
2884,45500.0
2994,26400.0
886,26100.0
4056,18100.0
4785,32035.23115463448
333,38800.0
153,12600.0
721,33500.0
373,33700.0
312,26700.0
1849,32035.23115463448
1622,36000.0
42,25900.0
2693,29100.0
4618,22900.0
417,30300.0
4899,32035.23115463448
4668,32035.23115463448
704,27400.0
732,22400.0
944,47700.0
3614,31600.0
1806,67900.0
1018,18900.0
907,35300.0
1693,33100.0
2791,28200.0
4368,32035.23115463448
519,38800.0
814,43100.0
818,28200.0
3449,32035.23115463448
1522,42600.0
1638,31000.0
4919,32035.23115463448
3557,41700.0
4712,32035.23115463448
1700,29000.0
3526,31700.0
3734,35600.0
3046,31800.0
1883,41300.0
2592,44300.0
379,54800.0
3775,34200.0
4003,16700.0
2251,44200.0
4439,71900.0
2148,35700.0
3726,30900.0
2144,36900.0
2566,21300.0
1803,22300.0
3621,17700.0
3967,26500.0
1594,16000.0
4328,32035.23115463448
1706,39300.0
4915,32035.23115463448
3790,24700.0
1820,17800.0
2562,24300.0
2559,34200.0
4208,17500.0
1582,26300.0
2547,21600.0
319,31000.0
4321,32035.23115463448
3364,33400.0
1763,16800.0
2843,39900.0
4731,22500.0
2141,28100.0
213,35500.0
4433,32035.23115463448
3497,20300.0
803,24300.0
4132,32035.23115463448
105,32035.23115463448
4458,22400.0
3805,29500.0
2806,40800.0
1465,31300.0
2953,40600.0
565,30800.0
4988,64200.0
4345,32035.23115463448
2524,31200.0
1474,46100.0
3236,27200.0
2829,25400.0
2502,35300.0
317,42500.0
1200,31000.0
2278,47500.0
652,27700.0
70,28300.0
2658,37500.0
1174,35700.0
1088,24900.0
4967,41400.0
410,36500.0
4064,32035.23115463448
4898,32035.23115463448
2386,31900.0
2091,26100.0
4635,32035.23115463448
601,24700.0
3013,33700.0
2219,24600.0
2465,30600.0
837,28200.0
3325,32035.23115463448
624,29400.0
1627,26100.0
806,40300.0
3115,38900.0
637,26800.0
423,25200.0
1996,49300.0
4472,32500.0
4620,37200.0
2486,40400.0
150,26300.0
3109,31400.0
1580,41700.0
626,20300.0
3002,32500.0
4601,18500.0
3796,16800.0
3481,19900.0
143,28700.0
2574,38800.0
4662,32035.23115463448
4014,32035.23115463448
1880,77900.0
3452,20000.0
3605,15800.0
3342,49000.0
4800,34200.0
2171,23500.0
2780,26600.0
4720,32035.23115463448
2832,61900.0
4982,33500.0
2230,32035.23115463448
617,27800.0
1324,21000.0
690,15600.0
2288,45400.0
3302,17200.0
1350,40000.0
2729,31300.0
4561,32035.23115463448
1187,27000.0
1191,46700.0
145,23600.0
3572,19100.0
4420,32035.23115463448
3742,22800.0
1762,26500.0
3800,51400.0
4802,34200.0
1834,29000.0
4900,32035.23115463448
1111,26000.0
2127,22000.0
4783,32035.23115463448
2277,39100.0
3795,32035.23115463448
2499,21300.0
1824,32600.0
2788,30000.0
4196,19600.0
4386,23900.0
3827,23300.0
2492,23700.0
878,52600.0
1455,38800.0
391,27300.0
4182,19000.0
2283,20200.0
2714,33500.0
2958,32000.0
475,39100.0
1694,33800.0
1295,28600.0
2092,25600.0
3050,47000.0
1137,22900.0
2072,34600.0
832,20600.0
591,27900.0
4658,32035.23115463448
3592,32035.23115463448
109,40900.0
4318,32035.23115463448
1052,21700.0
1311,38100.0
668,27100.0
253,54200.0
2690,24900.0
4641,32035.23115463448
843,45200.0
4159,32035.23115463448
4509,22300.0
3374,31500.0
3394,17000.0
884,23900.0
4547,32035.23115463448
3996,23300.0
4752,37600.0
1879,33900.0
1485,43400.0
2417,27500.0
2737,33400.0
2267,42400.0
4173,20000.0
3368,16800.0
2808,27300.0
869,32035.23115463448
2468,20900.0
3893,32035.23115463448
450,39900.0
1979,18400.0
696,25500.0
1741,32035.23115463448
3718,32035.23115463448
811,18100.0
3284,16100.0
2189,46700.0
505,29900.0
3303,15400.0
405,36300.0
3640,19900.0
183,36200.0
4905,32035.23115463448
1876,27700.0
609,31300.0
2674,31200.0
2033,39400.0
3981,22800.0
1968,42900.0
20,23000.0
2218,23600.0
2224,38200.0
327,28700.0
3270,35700.0
2518,43800.0
1874,32035.23115463448
4362,32035.23115463448
1756,25900.0
2178,24500.0
3410,32035.23115463448
4902,32035.23115463448
489,31500.0
606,26000.0
3212,32200.0
2464,39900.0
1738,49900.0
152,17200.0
889,54700.0
4948,29500.0
3082,33700.0
269,31700.0
96,28700.0
3824,25900.0
3885,32035.23115463448
1799,48200.0
1572,23900.0
4628,32035.23115463448
1067,30000.0
2760,26500.0
715,34600.0
4059,22000.0
4965,31200.0
4565,32035.23115463448
4660,32035.23115463448
1798,48200.0
461,27800.0
2944,32000.0
1795,17400.0
1869,22800.0
1345,31000.0
4791,21100.0
1214,24000.0
1372,66300.0
243,27500.0
4039,17000.0
2799,28000.0
1679,36700.0
3850,48100.0
1312,34300.0
648,42300.0
3238,32800.0
2643,42100.0
4409,32035.23115463448
155,29300.0
3428,32800.0
3453,21800.0
1303,41400.0
1150,23000.0
3047,38400.0
1046,34200.0
1640,22100.0
1306,39500.0
1927,74200.0
3439,31300.0
4121,20000.0
2244,25500.0
3136,32100.0
15,33400.0
3538,23400.0
2669,18200.0
1360,30400.0
1844,28900.0
3098,27600.0
1612,31500.0
497,66700.0
2840,26500.0
4611,32035.23115463448
4974,34800.0
3633,20900.0
1478,46000.0
1095,17500.0
542,37400.0
4729,20900.0
4074,30500.0
431,37500.0
728,34700.0
4412,32035.23115463448
2561,36500.0
1337,33800.0
3606,32035.23115463448
2877,31800.0
4415,32035.23115463448
1031,28000.0
1110,27700.0
1888,28200.0
3550,20400.0
1527,20000.0
753,34900.0
3049,28100.0
2628,35400.0
562,51400.0
4764,57800.0
3562,28500.0
252,33700.0
2516,29600.0
2962,25200.0
4453,38400.0
1202,26000.0
3462,19800.0
2797,33600.0
4225,38400.0
144,28600.0
2895,21500.0
2763,29500.0
905,29900.0
3980,34200.0
235,33800.0
